{
    "Baseline Accuracy": 0.858125,
    "Tuned Accuracy": 0.86135,
    "Best Parameters": {
        "learning_rate": 0.01062869242107527,
        "max_iter": 346,
        "max_depth": 14,
        "max_leaf_nodes": 121,
        "min_samples_leaf": 91,
        "max_bins": 157,
        "l2_regularization": 0.18674504256138266
    }
}