{
    "Port_Avg_Value": {
        "Alcan": 1391.0079561042523,
        "Alexandria Bay": 19723.451578095493,
        "Algonac": 3993.544,
        "Ambrose": 68.78451178451178,
        "Anacortes": 825.2069302098585,
        "Andrade": 26150.88037552998,
        "Antler": 263.3079120251357,
        "Bar Harbor": 319.7051971326165,
        "Baudette": 4081.255172413793,
        "Beecher Falls": 1931.5947694038246,
        "Blaine": 80704.83477425552,
        "Boquillas": 449.8469055374593,
        "Boundary": 958.3443158953722,
        "Bridgewater": 1690.7958448753463,
        "Brownsville": 147913.67923627686,
        "Buffalo Niagara Falls": 145000.29057043072,
        "Calais": 20486.976032273375,
        "Calexico": 189855.08953418027,
        "Calexico East": 66464.55401921725,
        "Cape Vincent": 312.38461538461536,
        "Carbury": 307.9149236856981,
        "Champlain Rouses Point": 30832.57755388941,
        "Columbus": 11327.484041150092,
        "Cross Border Xpress": 143863.47422680413,
        "Dalton Cache": 461.244499449945,
        "Danville": 1133.263187429854,
        "Del Bonita": 564.4740078256009,
        "Del Rio": 45167.90008234971,
        "Derby Line": 15580.431643217415,
        "Detroit": 133366.66226596254,
        "Douglas": 50160.36077922078,
        "Dunseith": 1981.3965094082357,
        "Eagle Pass": 76021.68452380953,
        "Eastport": 3356.933874709977,
        "El Paso": 310628.8148582142,
        "Ferry": 270.6627737226277,
        "Fort Fairfield": 3639.0251116071427,
        "Fort Kent": 4544.6312668463615,
        "Fortuna": 332.0053013392857,
        "Friday Harbor": 95.11491829204006,
        "Frontier": 1297.111791322864,
        "Grand Portage": 5870.623238500399,
        "Hannah": 86.56070050460077,
        "Hansboro": 249.5377067563779,
        "Hidalgo": 174406.8865872605,
        "Highgate Springs": 12111.90937425078,
        "Houlton": 8627.339572192514,
        "International Falls": 12599.226123595505,
        "Jackman": 4766.706965761511,
        "Kenneth G Ward": 14380.912379421221,
        "Ketchikan": 98.77772177419355,
        "Lancaster": 1001.5740956826138,
        "Laredo": 192710.07360647927,
        "Laurier": 1107.117373192845,
        "Limestone": 897.9732988802756,
        "Lukeville": 11434.541974656811,
        "Madawaska": 11948.01204159825,
        "Maida": 303.2382319173364,
        "Massena": 22672.70432066632,
        "Metaline Falls": 738.9550502379693,
        "Morgan": 158.31644144144144,
        "Naco": 9287.95297635227,
        "Neche": 1113.3469791078487,
        "Nighthawk": 185.49584487534625,
        "Nogales": 114937.032076797,
        "Noonan": 728.9241084165478,
        "Northgate": 505.05836385836386,
        "Norton": 1641.1356821589206,
        "Noyes": 1110.759837962963,
        "Ogdensburg": 7409.753921038399,
        "Opheim": 100.78603988603989,
        "Oroville": 5890.819400630915,
        "Otay Mesa": 142789.39970717422,
        "Pembina": 10086.123412413132,
        "Piegan": 3210.20789618995,
        "Pinecreek": 132.8474770642202,
        "Point Roberts": 17604.879779989522,
        "Port Angeles": 1477.61316211878,
        "Port Huron": 52508.77236936292,
        "Portal": 4588.772599531616,
        "Porthill": 2838.9444595698337,
        "Portland": 370.00541376643463,
        "Presidio": 18053.16019668737,
        "Progreso": 39470.98679141442,
        "Raymond": 944.9635388739946,
        "Richford": 2482.0805651958353,
        "Rio Grande City": 17370.12805715856,
        "Roma": 27966.324597820447,
        "Roosville": 3298.8143471252015,
        "Roseau": 1008.2317141261865,
        "San Luis": 86440.58832725378,
        "San Ysidro": 409474.8455423055,
        "Santa Teresa": 12201.044768349819,
        "Sarles": 134.68257032542746,
        "Sasabe": 831.3742478941035,
        "Sault Sainte Marie": 21380.43082437276,
        "Scobey": 147.1830344434956,
        "Sherwood": 461.1448506837845,
        "Skagway": 2710.7353797300875,
        "St John": 484.6871236019501,
        "Sumas": 18475.20154494382,
        "Sweetgrass": 7497.350324597259,
        "Tecate": 30514.6545404814,
        "Tornillo": 15001.651203758074,
        "Trout River": 3914.6659237246163,
        "Turner": 186.06112469437653,
        "Van Buren": 5066.754381634164,
        "Vanceboro": 1108.2051154705737,
        "Walhalla": 1001.3795620437957,
        "Warroad": 2970.5717327655043,
        "Westhope": 331.62538962879,
        "Whitetail": 61.763888888888886,
        "Whitlash": 23.10051313009357,
        "Wildhorse": 386.16396681153697,
        "Willow Creek": 101.08058608058609,
        "Ysleta": 155601.64423076922
    },
    "Port_Max_Value": {
        "Alcan": 59752,
        "Alexandria Bay": 316786,
        "Algonac": 13082,
        "Ambrose": 2981,
        "Anacortes": 15929,
        "Andrade": 310134,
        "Antler": 3658,
        "Bar Harbor": 16823,
        "Baudette": 52956,
        "Beecher Falls": 33076,
        "Blaine": 1208445,
        "Boquillas": 5404,
        "Boundary": 13946,
        "Bridgewater": 47230,
        "Brownsville": 1768766,
        "Buffalo Niagara Falls": 2523598,
        "Calais": 394999,
        "Calexico": 2199753,
        "Calexico East": 898363,
        "Cape Vincent": 7135,
        "Carbury": 3767,
        "Champlain Rouses Point": 550685,
        "Columbus": 148151,
        "Cross Border Xpress": 254418,
        "Dalton Cache": 10750,
        "Danville": 19262,
        "Del Bonita": 10640,
        "Del Rio": 652622,
        "Derby Line": 286101,
        "Detroit": 2473401,
        "Douglas": 787244,
        "Dunseith": 62950,
        "Eagle Pass": 929284,
        "Eastport": 54394,
        "El Paso": 4447374,
        "Ferry": 5099,
        "Fort Fairfield": 58800,
        "Fort Kent": 69776,
        "Fortuna": 6577,
        "Friday Harbor": 2000,
        "Frontier": 12796,
        "Grand Portage": 117933,
        "Hannah": 1982,
        "Hansboro": 3388,
        "Hidalgo": 2805201,
        "Highgate Springs": 194875,
        "Houlton": 164064,
        "International Falls": 217294,
        "Jackman": 122250,
        "Kenneth G Ward": 225745,
        "Ketchikan": 6624,
        "Lancaster": 20981,
        "Laredo": 2024496,
        "Laurier": 24225,
        "Limestone": 28336,
        "Lukeville": 159352,
        "Madawaska": 180613,
        "Maida": 5609,
        "Massena": 371405,
        "Metaline Falls": 15351,
        "Morgan": 2966,
        "Naco": 213912,
        "Neche": 13529,
        "Nighthawk": 3991,
        "Nogales": 1895352,
        "Noonan": 9704,
        "Northgate": 12162,
        "Norton": 37884,
        "Noyes": 27190,
        "Ogdensburg": 123938,
        "Opheim": 3577,
        "Oroville": 90973,
        "Otay Mesa": 1252553,
        "Pembina": 125394,
        "Piegan": 121542,
        "Pinecreek": 3141,
        "Point Roberts": 1507021,
        "Port Angeles": 50967,
        "Port Huron": 922461,
        "Portal": 41536,
        "Porthill": 38801,
        "Portland": 13520,
        "Presidio": 305945,
        "Progreso": 346999,
        "Raymond": 13380,
        "Richford": 45092,
        "Rio Grande City": 245011,
        "Roma": 443797,
        "Roosville": 59961,
        "Roseau": 14846,
        "San Luis": 797199,
        "San Ysidro": 3755585,
        "Santa Teresa": 163238,
        "Sarles": 2772,
        "Sasabe": 12755,
        "Sault Sainte Marie": 709612,
        "Scobey": 5206,
        "Sherwood": 6456,
        "Skagway": 71876,
        "St John": 15219,
        "Sumas": 307761,
        "Sweetgrass": 106348,
        "Tecate": 342450,
        "Tornillo": 201468,
        "Trout River": 78621,
        "Turner": 3229,
        "Van Buren": 89650,
        "Vanceboro": 35176,
        "Walhalla": 11672,
        "Warroad": 49762,
        "Westhope": 5279,
        "Whitetail": 1738,
        "Whitlash": 543,
        "Wildhorse": 6969,
        "Willow Creek": 1975,
        "Ysleta": 592477
    },