{
    "LogisticRegression": {
        "Train Accuracy": 0.478925,
        "Test Accuracy": 0.4824,
        "Precision": 0.47083278595750533,
        "Recall": 0.4824,
        "F1 Score": 0.4661916813921295,
        "ROC-AUC": 0.7449853258333334
    },
    "RandomForest": {
        "Train Accuracy": 0.91729375,
        "Test Accuracy": 0.8169,
        "Precision": 0.8165507004723027,
        "Recall": 0.8169,
        "F1 Score": 0.8166672301967131,
        "ROC-AUC": 0.9546814358333333
    },
    "XGBoost": {
        "Train Accuracy": 0.86425,
        "Test Accuracy": 0.85935,
        "Precision": 0.8601017551257688,
        "Recall": 0.85935,
        "F1 Score": 0.8594103129119303,
        "ROC-AUC": 0.97431846875
    },
    "HistGradientBoosting": {
        "Train Accuracy": 0.86225,
        "Test Accuracy": 0.8593,
        "Precision": 0.8602546867036396,
        "Recall": 0.8593,
        "F1 Score": 0.8594163439660973,
        "ROC-AUC": 0.9740264991666667
    }
}